feature,importance,fold
hist_month_diff_mean,2.887360313177903,5
hist_month_diff_mean,2.868766668958128,4
hist_month_diff_mean,2.8583009886109254,1
hist_month_diff_mean,2.8463690398822017,3
hist_category_1_mean,2.83050761521622,4
hist_month_diff_max,2.8249257997267065,4
hist_category_1_mean,2.8236897114741764,1
hist_month_diff_max,2.8153529419544667,2
hist_month_diff_mean,2.8134275420641592,2
hist_category_1_mean,2.804065617602981,2
hist_month_diff_min,2.803067092220658,3
hist_category_1_mean,2.7938839730740455,3
hist_category_1_mean,2.7922945761519897,5
hist_month_nunique,2.790005839595835,5
hist_month_nunique,2.7875929860614885,4
hist_month_nunique,2.7784854077497876,3
hist_month_nunique,2.7753858458329175,1
new_month_lag_mean,2.7752162208881987,4
hist_month_nunique,2.763200605500311,2
new_month_lag_mean,2.7593746837715374,3
new_month_lag_mean,2.7525354707450025,2
new_month_lag_mean,2.750806802583841,5
new_month_lag_mean,2.741102280104874,1
hist_month_diff_max,2.740666545775326,1
hist_month_diff_max,2.7379959413182933,5
hist_category_3_1_sum,2.731691042317068,4
hist_month_diff_min,2.725095968830842,1
purchase_amount_ratio,2.722057408566995,1
category_1_mean,2.7200556949985746,5
purchase_amount_ratio,2.7133730605112163,5
purchase_amount_ratio,2.711932336569009,3
new_CLV,2.7093297657471744,5
category_1_mean,2.708597260928662,3
purchase_amount_ratio,2.708547790140723,4
hist_authorized_flag_mean,2.707234967974189,4
hist_authorized_flag_mean,2.701803369550479,1
new_purchase_date_uptonow,2.7011669037020094,3
category_1_mean,2.700553649756798,4
hist_authorized_flag_mean,2.700484468298639,5
hist_category_3_1_sum,2.6990045632269686,5
category_1_mean,2.699003225802825,2
hist_weekofyear_nunique,2.6917427001790584,3
hist_category_3_1_sum,2.691069623596482,3
purchase_amount_ratio,2.6904953335268478,2
hist_category_3_1_sum,2.6883638599574207,2
new_CLV,2.6837449751449354,1
hist_weekofyear_nunique,2.6826366489480713,1
hist_category_3_1_sum,2.6806348729372527,1
new_purchase_date_uptonow,2.6796176335949218,4
hist_weekofyear_nunique,2.6789753799114333,2
hist_authorized_flag_mean,2.678424749888434,2
hist_purchase_date_diff,2.678302517621235,4
category_1_mean,2.6765255792835045,1
new_CLV,2.6758231441926283,2
hist_purchase_date_diff,2.675504901586545,2
new_CLV,2.675265215446365,3
hist_weekofyear_nunique,2.6687081964878554,4
new_purchase_date_uptonow,2.668574936970456,1
new_CLV,2.6603356702439127,4
hist_authorized_flag_mean,2.6600875087724725,3
new_purchase_date_uptonow,2.6582808812326575,2
hist_month_diff_min,2.6555576582055362,2
hist_weekofyear_nunique,2.6548279436794537,5
new_purchase_date_uptonow,2.652913511379771,5
new_purchase_amount_sum,2.6504601647705797,4
hist_month_diff_min,2.644352312538807,5
new_weekofyear_var,2.6413565297494186,3
hist_month_diff_max,2.6379578355015916,3
new_weekofyear_var,2.63313434932842,4
new_weekofyear_var,2.6300805431025283,1
new_weekofyear_var,2.6284129500926143,2
new_weekofyear_var,2.6266539512338136,5
hist_purchase_date_diff,2.6251257350722472,3
new_purchase_date_diff,2.624994085131429,4
new_purchase_amount_sum,2.6234912351614406,2
hist_purchase_date_diff,2.623318018791678,5
new_purchase_date_uptomin,2.623175244388709,3
hist_purchase_date_uptonow,2.6149603896539726,4
hist_month_lag_mean,2.612774023350675,4
new_purchase_amount_sum,2.6121795539434958,3
hist_purchase_date_diff,2.6111998808196066,1
new_purchase_date_uptomin,2.606756825062679,4
new_purchase_amount_sum,2.6024800053063974,5
hist_purchase_date_uptonow,2.6019516383839054,5
hist_month_diff_min,2.60115717046697,4
new_purchase_date_diff,2.5923188192179856,1
new_purchase_date_diff,2.5901760986577913,5
hist_purchase_date_uptonow,2.58397118870977,1
hist_purchase_amount_skew,2.5820193544704364,4
new_purchase_amount_sum,2.581577203115894,1
new_purchase_date_uptomin,2.580936159311499,1
new_purchase_date_diff,2.5808433207741066,3
new_weekofyear_mean,2.5785560230426525,4
hist_month_lag_skew,2.5771056933752563,3
hist_purchase_date_uptonow,2.576473375132772,3
new_purchase_date_uptomin,2.5702553071033103,5
hist_purchase_date_uptomin,2.5654147834142447,2
hist_last_buy,2.559899136228848,4
hist_first_buy,2.557995176314477,4
hist_month_lag_skew,2.5568782317718144,4
hist_month_lag_mean,2.556237479298923,5
new_weekofyear_mean,2.5553917503438948,3
hist_weekday_mean,2.553971470906279,4
new_purchase_date_uptomin,2.553324334840921,2
hist_installments_mean,2.546642217263251,4
hist_month_lag_mean,2.5465785200612663,1
hist_category_2_1_sum,2.545888259700729,3
new_weekofyear_mean,2.5440430393413793,1
new_purchase_amount_max,2.5434893313793343,4
new_purchase_date_diff,2.5433480708557004,2
new_purchase_amount_max,2.543016900073874,5
hist_purchase_date_uptomin,2.542520766675959,1
new_purchase_amount_max,2.5422678263232177,2
hist_month_lag_mean,2.542218228694849,3
hist_purchase_amount_skew,2.54099448555754,5
hist_purchase_date_uptomin,2.5406977036603426,4
hist_price_mean,2.5397811748943884,4
hist_purchase_amount_skew,2.538842135920517,3
hist_purchase_amount_skew,2.538461824869451,1
hist_weekday_mean,2.538003533605548,3
hist_purchase_date_uptonow,2.5375124281912944,2
hist_purchase_amount_min,2.537020025464659,4
hist_month_lag_skew,2.5369934628058326,1
hist_month_diff_var,2.5369199662278974,4
new_category_1_mean,2.5365947534646955,4
hist_price_max,2.536489307040701,4
new_weekofyear_mean,2.529590308798573,2
hist_purchase_amount_min,2.5281104621315977,1
hist_category_2_1_sum,2.528039590248437,4
new_purchase_date_average,2.5280026918144882,3
hist_month_diff_skew,2.527966255474303,4
rate_lag6_mean,2.527852943516598,5
hist_last_buy,2.5265853993645337,1
new_month_mean,2.52655267612833,4
new_weekofyear_mean,2.525959289564032,5
hist_category_2_1_sum,2.524600528770204,2
rate_lag12_mean,2.5234937630562047,3
new_purchase_amount_max,2.523480270261439,3
new_purchase_amount_var,2.523432411235127,4
new_purchase_amount_max,2.5232969461999,1
hist_month_lag_mean,2.522857119540594,2
new_purchase_date_average,2.5215322637020448,4
hist_month_lag_skew,2.5215222418697136,5
hist_purchase_amount_min,2.521343768285291,3
hist_weekend_mean,2.521279199070166,4
hist_month_lag_var,2.5202975628037554,4
hist_weekday_mean,2.5201073357398767,2
hist_first_buy,2.516486477372434,5
hist_purchase_date_average,2.5154097580014554,4
rate_lag12_mean,2.5150071409284287,4
hist_category_2_1_sum,2.5148700519345355,5
hist_installments_mean,2.513893493138384,3
hist_month_lag_skew,2.5138741306130425,2
hist_category_2_1_sum,2.5130927017450793,1
hist_purchase_amount_skew,2.512955724392177,2
hist_price_min,2.512764603008155,5
hist_weekday_mean,2.5126618875999407,5
hist_weekday_mean,2.512428566164429,1
hist_installments_var,2.512409039540637,4
hist_merchant_id_nunique,2.5122840144464242,4
hist_first_buy,2.51197734305036,3
hist_price_min,2.511826363962079,3
new_purchase_amount_var,2.5112700991027275,1
hist_purchase_date_average,2.5110819007208813,2
new_price_min,2.5105737105472725,4
hist_purchase_amount_min,2.5104495203994457,5
new_purchase_date_average,2.509482919924033,5
hist_purchase_date_uptomin,2.509352252892845,3
hist_price_min,2.508016966072496,4
hist_installments_mean,2.507536217572332,1
hist_purchase_date_uptomin,2.5052087181761156,5
rate_lag6_max,2.504993556223444,4
month_diff_mean,2.5045970303014853,4
hist_weekday_var,2.504196665963108,1
rate_lag6_max,2.502693164846164,1
rate_lag3_mean,2.5019845752146095,4
hist_weekofyear_var,2.5019100760268094,3
hist_month_mean,2.501798475683768,4
rate_lag6_mean,2.499935564826812,3
hist_last_buy,2.499770597902332,5
hist_weekofyear_var,2.4987631626216205,5
month_lag_mean,2.4982953230180827,4
card_id_cnt_ratio,2.498262993573633,4
hist_weekofyear_var,2.4982241971470245,4
hist_first_buy,2.4975317979266545,1
hist_price_mean,2.4974493347516407,1
new_purchase_amount_var,2.4974374511271287,5
new_purchase_amount_var,2.497157795454265,2
rate_lag12_sum,2.496387416282203,3
rate_lag6_mean,2.495438305487108,4
hist_merchant_category_id_nunique,2.4949836680372965,1
hist_weekend_mean,2.494944084832285,5
hist_merchant_id_nunique,2.494774841669151,5
hist_weekday_var,2.494649667550136,2
rate_lag3_var,2.4943755231429643,4
rate_lag6_mean,2.494327983302303,2
month_lag_mean,2.4931660828113547,1
new_category_1_mean,2.4920748542509776,5
new_category_1_mean,2.491433312706695,3
hist_price_min,2.490585889397802,2
hist_weekday_var,2.4892560565832214,4
hist_weekofyear_var,2.4881199863738095,1
rate_lag6_var,2.487795799318658,4
hist_month_diff_var,2.4875234401421977,1
hist_weekend_mean,2.4874639977291624,3
hist_month_var,2.486840002439548,5
new_category_1_mean,2.486835821459919,2
rate_lag12_max,2.486723399454082,4
hist_purchase_amount_mean,2.4863165732327164,4
hist_month_diff_skew,2.485985769581619,1
hist_last_buy,2.4858528001236295,3
hist_weekday_var,2.4858120547966958,5
hist_price_var,2.4856268311356327,4
new_month_mean,2.4855023693623783,3
hist_month_lag_var,2.4852316016518294,5
hist_installments_skew,2.48521723534279,1
hist_weekday_var,2.4846183091707252,3
hist_merchant_category_id_nunique,2.484612546131523,4
hist_month_diff_var,2.48365968463514,2
hist_purchase_amount_mean,2.4824344494259107,3
rate_lag12_var,2.481740423367708,4
hist_first_buy,2.481660943745116,2
hist_weekend_mean,2.4815146532835666,1
hist_purchase_amount_min,2.4809477330910252,2
hist_purchase_amount_sum,2.4808189245986303,4
rate_lag12_mean,2.4807768280234006,1
CLV_ratio,2.4807587929332433,4
month_diff_ratio,2.4807244324638877,4
rate_lag12_mean,2.4789241591804116,5
hist_price_mean,2.4786682405553697,3
hist_last_buy,2.4785736816134416,2
rate_lag12_max,2.4781569642328654,5
rate_lag3_max,2.477654515720895,4
hist_CLV,2.4771214185974153,4
rate_lag3_mean,2.4769034854110767,5
new_category_1_mean,2.476835337081952,1
hist_month_var,2.4764404504119066,4
hist_purchase_date_average,2.476223773120392,3
hist_price_var,2.4761797741031026,5
rate_lag6_var,2.4756828361307184,1
rate_lag12_max,2.4755714045909283,1
new_price_sum,2.4755263379322394,1
hist_weekofyear_var,2.475352299758,2
hist_price_max,2.474324583855666,1
hist_weekend_mean,2.4740084855057742,2
hist_price_min,2.4735265650066642,1
rate_lag3_mean,2.4734937230664396,1
rate_lag3_mean,2.473070229937219,3
hist_price_mean,2.472747184109127,5
new_price_sum,2.4724722975967537,4
rate_lag6_mean,2.4722050526416175,1
rate_lag6_var,2.472045755453951,5
new_purchase_date_average,2.4719303269311697,1
hist_installments_var,2.4713858068722194,3
hist_purchase_date_average,2.4713490762106365,5
hist_merchant_id_nunique,2.471335338789646,1
hist_purchase_amount_max,2.4711374114084323,4
price_mean,2.4708646844278004,4
month_lag_mean,2.469083152705783,3
hist_price_mean,2.4685696612908066,2
rate_lag12_sum,2.4671732025030133,4
month_lag_mean,2.4647737774382685,5
rate_lag6_max,2.4647546900587507,3
hist_purchase_amount_var,2.464489482100558,4
hist_installments_mean,2.463142638905729,2
CLV_ratio,2.4629746276158526,3
hist_price_max,2.4629281857407763,5
hist_purchase_amount_var,2.462576427208065,1
hist_installments_skew,2.462519905339552,4
hist_purchase_amount_mean,2.4625144168643147,5
hist_price_var,2.462204414018916,1
rate_lag6_sum,2.4620677114454717,2
rate_lag3_sum,2.4619842081224133,5
hist_month_diff_skew,2.461870783916127,2
new_month_mean,2.46170671357915,5
rate_lag12_max,2.461551084860921,2
hist_month_diff_var,2.4611017588459165,3
hist_purchase_amount_var,2.4603146184131353,3
new_price_sum,2.4602957231403244,3
rate_lag3_sum,2.460032144561773,1
hist_category_3_2_sum,2.4592246553639447,1
hist_month_mean,2.4590397600305374,3
hist_CLV,2.458451480599183,3
rate_lag12_sum,2.458402405326373,5
rate_lag6_sum,2.457926127468544,1
new_purchase_amount_var,2.4578103253042958,3
rate_lag12_sum,2.4575427771016622,1
hist_purchase_amount_max,2.4574585793370742,2
installments_mean,2.4572844533511105,4
hist_month_lag_var,2.457081318037266,1
rate_lag3_var,2.4567918484121085,3
rate_lag6_max,2.4566232779819277,2
hist_purchase_amount_max,2.456294136234213,5
hist_installments_skew,2.4557388929790034,5
new_price_min,2.4555701915819044,3
new_price_min,2.4555092357295885,2
hist_month_lag_var,2.455461425210958,2
hist_month_var,2.4554090296167663,3
hist_price_max,2.455309268258934,2
hist_price_var,2.4551948745169883,3
rate_lag6_var,2.455140421349993,2
price_mean,2.45449859406402,1
rate_lag6_sum,2.454402624797958,4
hist_purchase_date_average,2.4534046006193093,1
rate_lag12_max,2.4533029707898937,3
month_diff_ratio,2.453276559706065,2
hist_authorized_flag_sum,2.452655369705463,4
card_id_cnt_total,2.4524401796499746,1
hist_price_max,2.4518153286342783,3
card_id_cnt_total,2.4517326587419914,3
rate_lag3_max,2.450897075865522,2
new_weekday_var,2.450719131032482,4
hist_installments_skew,2.450219038995545,2
hist_purchase_amount_max,2.450055701755876,1
rate_lag3_var,2.44977020932897,5
hist_installments_mean,2.449503489908666,5
hist_month_diff_skew,2.4494554377037203,3
hist_price_sum,2.4491458912806623,1
hist_weekofyear_mean,2.4486031666385175,4
rate_lag3_mean,2.4483311166706643,2
month_diff_mean,2.448254469554283,2
hist_month_var,2.447124524860196,1
rate_lag6_sum,2.446318449247509,3
new_month_mean,2.4460550213761354,1
hist_merchant_category_id_nunique,2.445870819052033,3
rate_lag3_var,2.4454778960880863,1
rate_lag3_sum,2.445233477716483,2
month_diff_mean,2.4449954156200833,5
hist_weekofyear_mean,2.444358482727642,5
hist_month_diff_var,2.444271007618133,5
hist_month_mean,2.4437996473891075,5
hist_month_mean,2.44375968666659,1
rate_lag12_var,2.4436509736601786,2
hist_installments_skew,2.442564453599929,3
new_purchase_amount_min,2.4416344455815358,4
month_diff_ratio,2.441015140297714,1
month_diff_ratio,2.440054050553706,5
rate_lag6_var,2.4395913101441886,3
rate_lag12_mean,2.4384906365856196,2
hist_authorized_flag_sum,2.438325571912523,3
hist_merchant_id_nunique,2.4371263861327845,3
hist_price_sum,2.4369340490542917,4
new_last_buy,2.4366820596999883,5
rate_lag12_var,2.4366719425912686,3
hist_category_3_2_sum,2.4365760552919387,4
new_purchase_amount_mean,2.43623169365702,4
purchase_amount_min,2.4357686886377614,4
new_first_buy,2.435618943022238,4
hist_installments_var,2.4351991627473075,2
new_last_buy,2.434905362556558,4
rate_lag6_max,2.4348382488244487,5
hist_day_nunique,2.4342450024341744,5
price_mean,2.433635250058192,3
rate_lag3_max,2.432443900715948,5
hist_purchase_amount_mean,2.4323496968518024,1
new_month_mean,2.4320512852709255,2
hist_CLV,2.4319536961402366,1
rate_lag3_max,2.4318501192549173,1
new_price_max,2.4312122953018367,4
new_price_var,2.4311600462203966,4
hist_price_var,2.4307272069667296,2
hist_month_diff_skew,2.4304057817835547,5
rate_lag3_max,2.4302279433694074,3
card_id_cnt_total,2.430210431684324,4
hist_installments_var,2.4290643140388273,1
new_purchase_date_average,2.4289796511801627,2
card_id_cnt_total,2.4289514695937267,2
hist_purchase_amount_var,2.428914190031059,5
month_diff_ratio,2.4285514659658256,3
hist_month_lag_var,2.428438652390352,3
rate_lag3_sum,2.427662861999326,4
new_price_max,2.4268031560767698,5
hist_CLV,2.4260213432073443,2
new_price_max,2.4259709626572223,3
hist_price_sum,2.4254642002427036,3
hist_purchase_amount_var,2.4254079554821644,2
hist_purchase_amount_sum,2.4249197033084,5
hist_CLV,2.424522772872189,5
CLV_ratio,2.4242863537443333,5
hist_category_3_2_sum,2.423137257575245,3
new_price_min,2.4230247763622454,5
hist_purchase_amount_mean,2.422645775402936,2
hist_card_id_count,2.421647455836411,1
card_id_cnt_ratio,2.4209912345814466,1
hist_month_var,2.4209758159675063,2
hist_merchant_id_nunique,2.4209698271120415,2
hist_weekofyear_mean,2.420295834942011,2
new_first_buy,2.4197040945622543,3
card_id_cnt_total,2.4192106655738916,5
price_mean,2.418955143588662,2
rate_lag3_var,2.418530678521773,2
new_price_sum,2.417110860521067,2
hist_card_id_count,2.4168482091649155,3
new_first_buy,2.4164315815070774,5
rate_lag12_var,2.4158020896612173,1
rate_lag12_var,2.4157758356166914,5
hist_weekofyear_mean,2.415373082580259,3
new_weekday_var,2.415362792699128,3
hist_day_nunique,2.4150634474680137,3
month_lag_mean,2.4150516218191225,2
new_last_buy,2.4124986829468904,3
card_id_cnt_ratio,2.411932449605496,5
hist_weekofyear_mean,2.4117748739674267,1
hist_month_mean,2.4116798985451466,2
new_purchase_amount_min,2.4114255302684344,3
hist_card_id_count,2.411168153483093,2
hist_category_3_2_sum,2.410623967476408,5
hist_purchase_amount_sum,2.4104693492483316,1
new_weekday_mean,2.4094367092541993,1
hist_card_id_count,2.4089898552041484,4
new_price_mean,2.4072615288198653,4
installments_mean,2.4071663885686503,1
new_weekday_mean,2.4069944427312273,4
hist_installments_var,2.406351141130986,5
price_mean,2.405757990696837,5
hist_card_id_count,2.405715333726985,5
new_price_sum,2.405623342222586,5
hist_purchase_amount_sum,2.405616103112065,3
hist_purchase_amount_max,2.405457936035963,3
purchase_amount_min,2.4049285852747797,3
rate_lag3_sum,2.404720512517059,3
elapsed_time,2.4045857207925625,4
numerical_1_mean,2.404575328969874,4
new_price_max,2.4027758100542007,1
month_diff_mean,2.402589474131278,3
new_last_buy,2.4015330163296964,1
new_price_mean,2.4011463479816424,5
new_price_mean,2.4010695042163444,3
CLV_ratio,2.4009503568428956,1
new_purchase_amount_mean,2.4004826079095123,5
numerical_1_max,2.400266175403226,4
new_price_max,2.3994230846401425,2
new_purchase_amount_mean,2.3987029237201427,3
card_id_cnt_ratio,2.3984415283980587,2
new_weekday_mean,2.3951096265348903,5
new_price_var,2.393540921568657,1
purchase_amount_total,2.392317001988784,4
card_id_cnt_ratio,2.3921125692520406,3
purchase_amount_min,2.391102657892085,5
numerical_1_mean,2.389886632870371,5
hist_purchase_amount_sum,2.389445581000216,2
new_purchase_amount_min,2.3894310230221443,5
new_weekday_var,2.389271194238373,5
new_purchase_amount_min,2.388735934457602,1
CLV_ratio,2.388337308843166,2
numerical_1_mean,2.3882137161501005,1
new_price_var,2.3880808418784323,2
new_price_var,2.387836428505787,3
numerical_1_sum,2.387267620492106,4
new_price_min,2.387042368810242,1
numerical_1_sum,2.387013163799825,3
new_weekday_mean,2.3869476307915005,2
installments_mean,2.386681679553973,2
hist_price_sum,2.385847026808609,2
hist_month_lag_min,2.385257621112493,1
new_weekday_var,2.3851777994728716,1
numerical_1_max,2.384184900906532,3
new_first_buy,2.383466096351539,2
rate_lag12_sum,2.3829506904887934,2
new_first_buy,2.382270877052769,1
hist_merchant_category_id_nunique,2.381198332541655,5
hist_price_sum,2.380256392955334,5
numerical_1_var,2.3799689822113015,4
purchase_amount_total,2.379311092971602,5
month_diff_mean,2.3777732994658836,1
hist_category_3_2_sum,2.3771708591439253,2
numerical_1_max,2.377067868674049,2
hist_subsector_id_nunique,2.3767230168908413,5
numerical_1_mean,2.3763523967181057,3
numerical_2_sum,2.376053601192146,2
numerical_1_mean,2.3755117728450843,2
new_price_mean,2.3748598175510285,1
new_purchase_amount_mean,2.374084146210353,2
hist_authorized_flag_sum,2.3740012962059356,5
numerical_2_mean,2.3732035317056006,3
numerical_2_mean,2.3728495816759265,4
installments_mean,2.372065699483699,3
numerical_2_sum,2.3712957533167676,1
new_last_buy,2.370672520159789,2
numerical_2_sum,2.370130303661445,4
numerical_1_sum,2.3701001059826887,1
numerical_1_sum,2.369993231654655,5
numerical_1_var,2.3690170490674256,3
hist_authorized_flag_sum,2.3681413666100184,2
numerical_1_max,2.3675310010412227,1
new_price_var,2.367378851796702,5
purchase_amount_min,2.3669901903052084,2
hist_authorized_flag_sum,2.3659670030961,1
purchase_amount_total,2.365054967515071,1
new_weekday_var,2.3640560602933935,2
numerical_1_max,2.362980558757851,5
numerical_2_mean,2.3624102937922613,1
new_purchase_amount_min,2.3618478873939917,2
purchase_amount_max,2.361499013233087,4
numerical_1_var,2.360334204364837,2
elapsed_time,2.359494501706132,1
new_purchase_amount_mean,2.357982182561924,1
hist_subsector_id_nunique,2.357685778527105,1
new_purchase_amount_skew,2.356394782787176,5
purchase_amount_min,2.3557387468944606,1
hist_day_nunique,2.355553325753031,1
new_weekday_mean,2.3539948434258973,3
numerical_2_sum,2.352553424472655,3
new_price_mean,2.352243205443218,2
hist_day_nunique,2.3517538724852307,2
numerical_1_sum,2.350407118435201,2
numerical_1_var,2.3500271426311743,1
numerical_2_mean,2.3499055315704505,5
hist_category_3_0_sum,2.3498928206258225,4
numerical_2_sum,2.3497821076352916,5
installments_mean,2.3493747416848154,5
elapsed_time,2.3488521596023797,3
purchase_amount_mean,2.3471880405808245,4
hist_subsector_id_nunique,2.347032109165545,2
hist_day_nunique,2.3469072648429763,4
new_month_var,2.346606077722268,3
hist_subsector_id_nunique,2.3456543347943812,4
purchase_amount_max,2.344418219429864,5
new_purchase_amount_skew,2.3423775471809143,4
new_month_var,2.341158823936845,1
elapsed_time,2.3408410328072944,2
new_month_var,2.3387071268513164,4
purchase_amount_max,2.3371704105690494,1
purchase_amount_total,2.336250705993724,3
new_month_var,2.3341261802100144,5
new_purchase_amount_skew,2.333262348556732,3
new_installments_mean,2.3332337765318503,4
rate_lag3_min,2.330209197405261,4
purchase_amount_mean,2.328401970370348,3
purchase_amount_max,2.326351385604181,3
feature_1_outliers_sum,2.323819978383899,2
purchase_amount_mean,2.3233446381024265,5
numerical_2_var,2.3233323705171207,3
new_month_diff_mean,2.323234076304998,2
rate_lag6_sum,2.319832738913006,5
numerical_2_var,2.319442968125274,1
numerical_1_var,2.317145035054497,5
purchase_amount_max,2.3154864694208435,2
numerical_2_mean,2.3150099381586986,2
hist_merchant_category_id_nunique,2.3123624133006246,2
new_purchase_amount_skew,2.3101775824466095,1
numerical_2_max,2.31015816515197,4
purchase_amount_mean,2.3086596210327266,1
elapsed_time,2.305748551746602,5
rate_lag3_min,2.303809750779556,3
new_purchase_amount_skew,2.303191246219167,2
numerical_2_var,2.3008563584718287,4
hist_subsector_id_nunique,2.2951531048305114,3
purchase_amount_total,2.2916210257492904,2
hist_category_3_0_sum,2.289946302479094,2
hist_month_lag_min,2.2858922461672178,3
numerical_2_max,2.284829712464552,3
new_installments_mean,2.279586417127356,2
numerical_2_max,2.279220017821446,2
new_month_lag_skew,2.278449041722779,4
hist_category_3_0_sum,2.277907169645851,3
rate_lag12_min,2.2769099091201936,3
new_month_var,2.2762306806489034,2
rate_lag12_min,2.276025163189564,4
hist_month_lag_min,2.2759751453399852,4
hist_category_3_0_sum,2.2742866330184066,5
new_month_lag_var,2.2725980663310925,3
new_weekend_mean,2.272089759447414,1
rate_lag3_min,2.270977151344238,1
numerical_2_var,2.2684419345022304,5
rate_lag3_min,2.2681680965768116,5
new_installments_skew,2.268057025208396,2
rate_lag6_min,2.2664406873805296,5
purchase_amount_mean,2.264360450742816,2
numerical_2_max,2.262902687899038,1
hist_category_3_0_sum,2.2614255483902665,1
new_installments_skew,2.2601698756462403,5
new_month_lag_var,2.2593870618118546,2
rate_lag6_min,2.2590017291689284,1
rate_lag3_min,2.257775227810526,2
new_installments_skew,2.2547315187687462,3
new_month_lag_var,2.2536340037977025,4
numerical_2_max,2.252218112183603,5
feature_1_outliers_sum,2.2518549883749412,4
rate_lag6_min,2.251400628235177,3
hist_month_lag_min,2.247336626048278,2
rate_lag6_min,2.2470656322625215,4
rate_lag12_min,2.246091675294559,1
new_installments_mean,2.245741258762334,3
new_weekend_mean,2.24570772784828,4
hist_category_2_4_sum,2.242563366676877,1
new_installments_mean,2.241601056758241,1
new_installments_skew,2.241394931647677,1
new_month_lag_skew,2.239591048799279,1
hist_installments_max,2.237647668972785,2
rate_lag12_min,2.2364338560749593,5
numerical_2_var,2.2336072762684327,2
new_month_diff_mean,2.2309054994381086,1
hist_installments_max,2.230044643776648,3
hist_installments_max,2.2293737640468207,4
rate_lag12_min,2.228927257157223,2
new_installments_var,2.22791221434787,4
new_month_diff_mean,2.225317604483881,5
new_month_lag_var,2.2227497236473583,5
hist_category_2_4_sum,2.222116720492493,2
new_installments_skew,2.2220160429078732,4
new_category_3_0_sum,2.221548953068594,5
new_installments_var,2.2213948456720063,1
new_month_lag_var,2.2212309515629416,1
hist_installments_max,2.220368010878598,5
new_category_2_1_sum,2.219488044510223,3
hist_month_lag_min,2.2191741291063214,5
feature_1,2.215850841839649,4
new_installments_mean,2.2008122189501984,5
new_month_lag_skew,2.1999158155119707,5
feature_1,2.199870114090145,1
feature_1_outliers_sum,2.199327359719026,5
new_category_2_1_sum,2.197695626005082,1
hist_category_2_4_sum,2.1953954395644204,3
feature_1_outliers_sum,2.1944044097314785,1
new_category_2_1_sum,2.1930707462373267,4
new_month_lag_skew,2.1921404622202605,2
feature_1,2.1916730558356035,2
hist_category_2_4_sum,2.1897240332418026,4
new_category_3_1_sum,2.1895684541001796,2
new_category_3_1_sum,2.1879503730338152,4
feature_2,2.186632348609304,1
new_weekend_mean,2.1837509978200575,5
rate_lag6_min,2.1813157165338777,2
hist_category_2_4_sum,2.1812247145851456,5
new_weekend_mean,2.1796074304086295,3
new_month_lag_skew,2.1784889007623534,3
new_installments_var,2.1755310424009227,3
feature_1_outliers_sum,2.1730872502385195,3
new_category_3_0_sum,2.1728465807136605,1
new_installments_var,2.172655358860987,5
hist_installments_max,2.172011306586823,1
new_category_3_1_sum,2.171257028795618,1
new_month_diff_mean,2.1656653721281676,3
new_month_diff_mean,2.16376656422424,4
new_category_3_0_sum,2.159648862342063,4
hist_category_2_3_sum,2.1540625875250745,1
hist_category_2_3_sum,2.147361096632239,4
new_category_3_0_sum,2.1447816262231503,3
new_installments_var,2.1415715003075007,2
feature_1_outliers_mean,2.1404163110946492,4
new_weekend_mean,2.138456666500927,2
new_merchant_category_id_nunique,2.138144173944059,2
new_category_3_1_sum,2.1379460060420192,3
new_merchant_category_id_nunique,2.1371348221704314,4
new_category_3_0_sum,2.1361090049108062,2
new_category_2_1_sum,2.134812631969832,5
new_category_3_1_sum,2.1323333836081906,5
feature_2,2.1272546656486098,5
hist_category_2_2_sum,2.1245723507961913,4
hist_category_2_2_sum,2.1207112308246514,5
new_installments_max,2.1183610052064648,2
feature_2,2.11717955672564,4
hist_category_2_3_sum,2.1167658781079686,5
hist_category_2_3_sum,2.1131638317161405,3
hist_month_lag_max,2.1131161324177956,5
new_month_diff_var,2.110381943363448,2
hist_category_2_5_sum,2.1102319104755187,5
feature_1,2.107604489085097,3
feature_1,2.1029169114244786,5
hist_month_lag_max,2.1016230733324166,3
hist_category_2_5_sum,2.1013310461355443,4
new_month_diff_var,2.1003127205619423,4
new_subsector_id_nunique,2.0988266860681275,3
new_installments_max,2.0937389735549554,4
new_installments_max,2.0902831575016485,1
feature_1_outliers_mean,2.0851604471085783,2
new_month_diff_var,2.081993087312461,5
hist_month_lag_max,2.0808735125478006,4
hist_category_2_2_sum,2.079615623450976,2
hist_category_2_3_sum,2.0778970257942686,2
new_merchant_category_id_nunique,2.0744919354966807,1
new_category_2_1_sum,2.071268273664106,2
hist_category_2_5_sum,2.071059403934243,3
new_month_diff_var,2.067420984088694,3
new_installments_max,2.0656010369355244,5
feature_1_outliers_mean,2.063646638713096,1
feature_2,2.063622869016142,3
new_subsector_id_nunique,2.062514267528588,5
new_merchant_category_id_nunique,2.0613444240310033,5
hist_category_2_5_sum,2.060504948327763,1
hist_category_2_5_sum,2.060034626307305,2
new_card_id_count,2.059381175566733,4
feature_2,2.0577716237593924,2
hist_month_lag_max,2.053770501148003,1
feature_2_outliers_mean,2.053042095259772,1
new_merchant_id_nunique,2.052884500864885,5
feature_1_outliers_mean,2.0442859123510044,5
new_merchant_category_id_nunique,2.0433100838928135,3
hist_month_lag_max,2.039705127296899,2
feature_2_outliers_mean,2.0353814503114336,5
new_installments_max,2.0335559937346286,3
new_month_diff_skew,2.0297533099354625,2
feature_1_outliers_mean,2.0270855971798953,3
hist_category_2_nunique,2.023583381633644,3
new_merchant_id_nunique,2.017907032674396,4
new_merchant_id_nunique,2.0177246013779513,1
new_month_diff_skew,2.011660499132243,5
new_merchant_id_nunique,2.011457250130289,2
new_month_diff_skew,2.0105771717180625,1
hist_category_2_nunique,1.9954552038866236,2
new_subsector_id_nunique,1.986939025088202,1
feature_2_outliers_sum,1.9816220894549708,5
hist_category_2_nunique,1.9815255727451544,4
new_month_diff_skew,1.9723464941935973,4
new_merchant_id_nunique,1.9708267719707624,3
new_card_id_count,1.9688318451658116,2
new_subsector_id_nunique,1.9677530896121074,4
new_day_nunique,1.9672411830794654,3
hist_category_2_nunique,1.9655825465445034,5
feature_2_outliers_mean,1.9578741932192436,2
new_weekofyear_nunique,1.9576401864264532,3
hist_category_2_2_sum,1.9518250383153437,3
new_day_nunique,1.951484594625547,2
new_category_2_nunique,1.9504313707143912,2
hist_category_2_nunique,1.9504173202114603,1
feature_2_outliers_sum,1.9461096947566632,4
new_weekofyear_nunique,1.9458540372856077,2
new_weekofyear_nunique,1.9365097152581718,5
new_weekofyear_nunique,1.9352320153106448,1
new_card_id_count,1.9346358388994815,3
new_card_id_count,1.931599287995161,1
feature_2_outliers_sum,1.928537405504192,1
new_month_diff_var,1.926701393566433,1
new_subsector_id_nunique,1.9259622011254023,2
new_day_nunique,1.9241809194706492,1
new_category_2_4_sum,1.9236198898600378,2
new_month_diff_skew,1.9182844780434531,3
feature_2_outliers_mean,1.9166114944705068,4
new_day_nunique,1.909836131740218,5
new_weekofyear_nunique,1.907239379513517,4
feature_2_outliers_mean,1.8981826100602237,3
new_day_nunique,1.896253191293225,4
new_category_2_nunique,1.88799359712878,3
new_category_2_4_sum,1.881015935292228,4
hist_category_2_2_sum,1.8808532964948903,1
hist_category_3_nunique,1.8664765177721065,4
new_category_2_nunique,1.8578582794923637,4
new_category_2_4_sum,1.856942502205141,1
feature_2_outliers_sum,1.8469279988563918,3
new_category_2_nunique,1.8229706568564297,5
new_card_id_count,1.81318304448566,5
new_category_2_5_sum,1.8083549697374512,3
feature_2_outliers_sum,1.8058266146632775,2
new_category_2_nunique,1.7958437129438507,1
hist_category_3_nunique,1.7856083273847578,5
new_month_nunique,1.778947489420507,2
new_category_2_3_sum,1.7680044995055337,5
new_category_2_2_sum,1.762309698122909,4
numerical_1_min,1.7487555693779453,4
new_category_2_4_sum,1.7471186057239994,5
numerical_1_min,1.725851041002284,1
new_category_2_4_sum,1.7225395043700185,3
new_category_2_3_sum,1.7189533641792694,4
feature_3,1.7145971350547495,3
hist_category_3_nunique,1.7040390529697096,3
new_category_3_2_sum,1.703180110057057,2
feature_3,1.6917626309606533,2
new_category_3_2_sum,1.6846703812635444,4
new_category_2_5_sum,1.6803533689328767,4
new_month_nunique,1.6778294151773583,3
new_category_2_3_sum,1.6699837372077742,3
new_category_3_2_sum,1.6674062113524424,3
feature_3,1.6642328889086015,4
numerical_1_min,1.662498709254344,3
hist_category_3_nunique,1.6570131408680708,1
new_category_3_2_sum,1.641366647636885,1
feature_3_outliers_mean,1.640933278316919,4
feature_3,1.6283554084294614,5
new_category_2_5_sum,1.6238241366817523,5
numerical_1_min,1.6172971301801884,2
new_category_2_5_sum,1.6059531350603329,2
new_category_2_3_sum,1.6021679106232238,1
new_category_2_2_sum,1.6013740884165766,5
feature_3_outliers_mean,1.5958743569455502,1
hist_category_3_nunique,1.5923844690134994,2
feature_3,1.5876796901721613,1
nan_count,1.587202606862076,5
new_category_2_3_sum,1.5829256625288466,2
new_category_3_nunique,1.5801169515593643,1
numerical_2_min,1.5769777166828447,1
numerical_2_min,1.5566572343434761,5
numerical_1_min,1.554820449364686,5
new_category_3_nunique,1.5510179737559817,4
new_category_2_2_sum,1.5443572912342258,1
new_category_3_nunique,1.5424162130310903,5
new_category_2_5_sum,1.5277477020173686,1
numerical_2_min,1.5110431153727757,4
feature_3_outliers_mean,1.5092621633271899,3
new_month_nunique,1.5043909989736275,1
new_month_nunique,1.4977415102865512,4
feature_3_outliers_mean,1.4959948348780163,2
new_category_3_nunique,1.4784223331796025,2
feature_3_outliers_sum,1.4286487843128706,5
new_month_nunique,1.4088695672966303,5
feature_3_outliers_mean,1.390539415246058,5
nan_count,1.382731361298343,4
new_category_3_2_sum,1.363157824046412,5
feature_3_outliers_sum,1.3007492222421402,3
feature_3_outliers_sum,1.2943755734669826,4
nan_count,1.2250355587313175,1
feature_3_outliers_sum,1.2113942635738613,1
new_category_2_2_sum,1.1897166238982675,2
numerical_2_min,1.0285991966401509,3
hist_999_installments_sum,0.0,1
new_category_3_nunique,0.0,3
hist_999_installments_mean,0.0,1
hist_exception_installments_sum,0.0,1
hist_-1_installments_mean,0.0,1
hist_exception_installments_mean,0.0,1
hist_-1_installments_sum,0.0,1
numerical_2_min,0.0,2
new_-1_installments_mean,0.0,4
hist_-1_installments_mean,0.0,5
hist_-1_installments_sum,0.0,2
nan_count,0.0,3
hist_exception_installments_mean,0.0,4
new_-1_installments_sum,0.0,2
new_-1_installments_mean,0.0,2
hist_-1_installments_mean,0.0,2
hist_exception_installments_mean,0.0,5
hist_999_installments_sum,0.0,2
hist_999_installments_mean,0.0,2
feature_3_outliers_sum,0.0,2
hist_exception_installments_sum,0.0,2
new_-1_installments_sum,0.0,4
hist_999_installments_mean,0.0,4
hist_exception_installments_sum,0.0,5
hist_-1_installments_sum,0.0,3
new_-1_installments_mean,0.0,3
hist_exception_installments_sum,0.0,3
new_-1_installments_mean,0.0,5
new_-1_installments_sum,0.0,5
hist_-1_installments_sum,0.0,5
new_-1_installments_sum,0.0,1
new_-1_installments_mean,0.0,1
hist_exception_installments_mean,0.0,2
hist_exception_installments_mean,0.0,3
hist_999_installments_sum,0.0,3
hist_exception_installments_sum,0.0,4
hist_999_installments_sum,0.0,5
hist_999_installments_mean,0.0,5
hist_999_installments_mean,0.0,3
hist_-1_installments_sum,0.0,4
new_category_2_2_sum,0.0,3
hist_-1_installments_mean,0.0,4
hist_999_installments_sum,0.0,4
nan_count,0.0,2
new_-1_installments_sum,0.0,3
hist_-1_installments_mean,0.0,3
